LocID,LocName,Latitude,Longitude
174597,Aramark,41.80829,-88.04126
174508,Nissan North America Inc,41.767226,-88.22772
174297,EdgeLux Apartments,41.986876,-87.659644
174197,3801 North Racine Avenue Parking,41.95167,-87.65853
174174,East Dundee Parking Garage,42.100107000263364,-88.2742749031791
174149,National Public Housing Museum,41.869936,-87.659822
173739,Culinary Fox Cafe & Catering,42.0327161,-88.3283773
173677,Clarke Mosquito Control Products Inc,41.910825,-88.289308
173652,Chicago O'Hare International Airport,41.981879,-87.887686
173287,HP Ventures Group – Kedzie Project,41.96262,-87.7081
173054,4000 West Diversey Avenue,41.932179,-87.728641
173036,Elkhart Environmental Center,41.666196,-85.944074
172948,Priester Aviation,42.117951,-87.907189
172706,Williams Reserve,42.13177,-88.01091
172705,Versailles on the Lakes Schaumburg,42.0473,-88.06008
172704,Versailles on the Lakes Oakbrook,41.85152,-87.97164
172703,Residences of Wilmette,42.075558,-87.708872
172702,Regency Place,41.84674,-87.99148
172701,Bristol Station,41.7832,-88.21224
172700,AMLI River North,41.889889,-87.630676
172699,AMLI at Seven Bridges,41.76871,-88.07173
172141,Creek Ridge County Park,41.668935,-86.851201
172047,Advocate Outpatient Center,42.067943,-88.195907
172010,New Trier Township High School - Northfield,42.090274,-87.76504
172008,New Trier Township High School - Winnetka,42.09438,-87.719445
172006,New Trier Township High School - Winnetka,42.095178,-87.718747
171868,5231 South Indiana Avenue,41.79912,-87.620388
171756,Rauner YMCA,41.8443884,-87.686245
170995,Chick-fil-A - Pullman,41.692401,-87.600703
170891,Public Charger East,41.71892855190546,-88.31352647621671
170469,Jordan Ford,41.67245,-86.17312
170465,4941 South East End,41.80516393050357,-87.58501946069205
170279,Ed Napleton Honda in Oak Lawn,41.720519,-87.765654
170206,Zeigler CDJR Downers Grove,41.805891505418444,-88.04046738970324
170023,4120 West Diversey Avenue,41.931883,-87.730478
169964,345 East Wacker Drive,41.887482,-87.618558
169731,Wickstrom Auto Group - DCFC,42.16471877969708,-88.15193614436856
169520,Indian Trails Public Library District,42.13285577,-87.9452231
169515,Midway Economy Parking Garage,41.79422,-87.75035
169513,IV Therapy Solutions ,42.01358,-87.74267
169295,2305 Kenyon Road,42.000472,-88.267953
169093,Packey Webb Ford,41.807342,-88.029473
169092,Zeigler Ford of North Riverside,41.852292,-87.804513
169061,"Thorntons, Lake St, IL",41.970315,-88.114342
168492,Arkadia West Loop,41.87896,-87.64698
168491,Naper Truck Center,41.71851,-88.23298
167890,1616 Sheridan Condominiums,42.088258,-87.701232
167766,Overpass Parking Lot,41.8163334,-87.6193873
167544,Cook County Highway Department,42.043092,-87.871509
167327,Napleton Hyundai Glenview,42.084463,-87.798849
167261,1240 US-45,42.203121,-87.93528
167246,6900 West Dempster Street,42.041116,-87.798166
166367,980 Lucinda Drive,42.16976389941076,-87.97303251901435
166248,Gerald Kia of Naperville,41.76537901842426,-88.18781104589866
166004,Northwestern Medicine Delnor Hospital - South Lot,41.886576,-88.34359
165893,1400 East Touhy Avenue,42.010469,-87.888802
165228,"Thorntons, Illinois 47, IL",42.154727,-88.433388
165078,Executive Towers West I,41.8282,-88.02282
165077,Executive Towers West II,41.82982,-88.0218
165046,SRE Buffalo Grove 1000,42.16967,-87.93527
164983,Fischer Faculty/Staff Parking Lot,41.7042911703158,-86.23076052210996
164916,Fischer Faculty/Staff Parking Lot,41.6961689558684,-86.24102924281665
164915,Bookstore Visitor Parking Lot,41.69595581389592,-86.2410140854731
164880,"C. Wimberley Chevrolet, Buick, GMC",41.965242,-86.14245
164822," Meijer 041 (Benton Harbor, MI)",42.08223,-86.42403
164801,Lurie Children's Outpatient Center,41.928886,-87.641358
164777,Argonne National Labs,41.70482958,-87.97603635
164658,City Hall Suites,41.927472,-88.750336
164473,Harrison Street Parking Structure,41.8748871,-87.6551001
164279,Bridgeport Art Center,41.83089,-87.65634
164171,West Leyden High School,41.927072,-87.90699
164169,East Leyden High School,41.941649,-87.864875
164098,617 Green Bay Road,42.07557,-87.709103
163881,1270 Mark Street,41.988693,-87.961936
163664,Napleton Hyundai,41.843485,-87.624318
163627,"Thorntons, North Farnsworth Avenue, IL",41.806946,-88.28054
163549,"Thorntons, Tek Dr, IL",42.215038,-88.287546
163494,"Thorntons, West Algonquin Rd, IL",42.174982,-88.330134
163422,Kohls South Elgin IL DCFC,41.987874,-88.343201
163346,"Thorntons, 800 W Lake St, IL",41.941416,-88.009807
163345,"Thorntons, S Neltnor Blvd, IL",41.863494,-88.195879
163072,Indian Hill Train Station,42.095554,-87.725064
162918,Pilot Travel Center 1181,41.9355496,-89.0175245
162660,1431 East 72nd Place,41.76306321805638,-87.58966779877663
162481,"Thorntons, Harlem Avenue, IL",41.784194,-87.80199
162160,650 West Lexington Street,41.872812,-87.642375
161975,1276 North Clybourn Avenue,41.905252,-87.642273
161945,Paisans Pizzeria,41.83200820037591,-87.7789109189634
161936,Hopkins Ford of Elgin,42.03197429921549,-88.250190045885
161919,6655 Main Street,41.766345,-88.007644
161758,Holiday Inn & Suites Chicago Northwest - Elgin,42.0726946,-88.2893661
161445,"Thorntons, York Rd, IL",41.992865,-87.940755
161284,Patrick Hyundai,42.0506,-88.05333
160944,MxD Chicago IL,41.9066614,-87.6553433
160882,Richard J. Daley Center,41.884033,-87.63013
160732,Cog Hill Golf & Country Club,41.6767658,-87.9514623
160702,Wilkins Hyundai,41.922046,-87.940664
160064,The Mill,41.664235634128566,-86.18461518808694
159747,Prisco Community Center - Tesla Destination,41.770029,-88.312787
159685,Home2 Suites by Hilton DeKalb - Tesla Destination,41.924876,-88.774859
159235,HMD Bar & Grill - Tesla Destination,41.703831,-87.778908
159140,"Chicago, IL - East Ohio Street (Pay to Park, Floor 6) - Tesla Destination",41.89295,-87.6264
159123,Days Inn & Suites by Wyndham Schaumburg - Tesla Destination,42.038997,-88.037188
158941,Hampton Inn Huntley Chicago - Tesla Destination,42.140161,-88.430014
158836,Ford Charge - Friendly Ford,41.98348219,-88.07184517
158508,Hub Group Office,41.850642,-87.931946
158500,"Henry Schricker Travel Plaza - Elkhart, IN",41.7328447,-86.0056992
158499,George N Craig Travel Plaza,41.7311429,-86.0047822
158256,The Elaine - Northbrook Apartments,42.125164,-87.783764
158175,The Lighthouse Church of All Nations,41.6581629,-87.7309289
158137,Tapper Ford,42.21094698236586,-85.8928047361832
158107,Kane Kendall Council of Mayors,41.957036,-88.415279
157839,Morton College,41.82445,-87.76227
157793,Holiday Inn Express & Suites,42.028398,-88.03278
157763,Haggerty Chevrolet,41.85983611656166,-88.07750280995134
157173,Eddy Street Commons Parking Garage - Supercharger,41.691788,-86.234187
156947,Bellerive Park,41.7718623,-87.9797212
156900,"Oak Brook Pointe, LLC",41.851650687562625,-87.937630277468
156850,City Lights Ltd,41.710298,-87.791767
156657,Walgreens at 180 E Lake St Bloomingdale,41.957172,-88.072434
156479,Bloomingdale Square Shopping Center,41.938427,-88.115111
156445,AMC Showplace Michigan City 14,41.67384,-86.887607
156443,AMC Market Square 10,41.947444,-88.721125
156432,North Riverside Plaza,41.847796,-87.803856
156430,Amazon Fresh Naperville-Ogden,41.796873,-88.12028
156350,Naperville Crossings Aldi,41.715901,-88.206838
156249,Westmont Village Shopping Center,41.774431,-87.977881
156246,Amazon Fresh at Harlem Irving Plaza,41.957395,-87.805945
156229,VinFast Lisle,41.799909166469945,-88.09556397378098
156067,Mars Wrigley Global HQ,41.907280741638665,-87.65541731632017
156055,Waubonsee Community College - Plano Campus,41.665195,-88.506732
155917,Nextech Showroom & Warehouse,42.01325,-87.95696
155890,Gjovik Ford,41.66219,-88.505214
155839,Arlington Acura of Palatine - Front Parking,42.13849121842209,-88.01307555464766
155726,Harper Court Mall,41.7999551,-87.5880348
155690,3222 Mc Breen Avenue,41.63723936832551,-87.70469524785044
155410,Basney Honda,41.695377,-86.18618
155407,McGrath Acura of Morton Grove,42.045803,-87.798794
155243,Kohls Yorkville IL,41.664429,-88.46437
155234,Kohls Fox Valley IL,41.761178,-88.207787
155232,Kohls Woodridge IL,41.749571,-88.014166
155225,Kohls,41.86027,-88.141375
155209,Kohls,41.950471,-88.115691
155198,Kohls Bolingbrook IL,41.705057,-88.11953
155188,Kohls Oswego IL,41.701424,-88.30772
155179,Kohl's,42.039594,-87.797384
155042,Bolingbrook Town Center East,41.6969531,-88.0807925
154993,Guaranteed Rate Field - Lot D,41.830674,-87.636027
154767,Little Brothers - Friends of the Elderly,41.888096,-87.6667
154622,Drendel's Corner,42.1364304974,-88.43194108351
154288,Woodman's Food Market - Supercharger,41.948556,-88.11852
154143,Target Sortation Center,41.799949,-87.780388
154071,Bosak Chevrolet GMC,41.652401029943,-86.89219755579
154070,Barton St New Buffalo MI,41.7954825196,-86.746650174
154036,Wolf Point Plaza Parking Garage,41.88768,-87.63715
153825,Ensono Office,41.827194,-88.023548
153267,Mercedes-Benz of Hoffman Estates,42.048713,-88.104655
153087,2705 Diehl Road,41.798022,-88.247492
152941,Genesis of North Aurora,41.80027890187452,-88.37318680028821
152813,MQMF Chicago Marine Drive,41.965986,-87.649093
152013,Campbell Ford,41.77178070774765,-86.2500913146297
151948,The Belvedere Apartments,41.68107,-88.21097
151804,Napleton Cadillac Of Northbrook,42.149693,-87.80077
151311,Northwestern Medicine Kishwaukee Hospital,41.961049,-88.721748
151068,First Ascent Arlington Heights,42.09021835069333,-88.02427541969502
151036,1300 EV CHARGER 1300 ARLINGTON2,41.99046,-88.004387
150916,Genesis of Algonquin,42.162075,-88.334213
150849,Chinatown Parking,41.8549299,-87.631572
150172,"7321 Heritage Square Drive - Granger, IN",41.72746,-86.17789
149956,"Chicago - S Doty Ave W, IL Supercharger",41.693608,-87.601097
149934,Oak Park Library,41.8892,-87.79651
149931,Village of Elm Wood Park,41.92642,-87.81868
149866,Hilton Garden Inn Bolingbrook - Tesla Destination,41.685774,-88.070455
149675,Best western,41.8054739,-87.5850341
149580,Home2 Suites by Hilton Lincolnshire,42.1916723,-87.9344261
149408,Des Plaines City Hall,42.042308,-87.887465
149332,10 Health Services Drive,41.963624,-88.720463
149272,1429 South Kedzie Avenue,41.861661,-87.705231
148983,Tokyo Roki,41.986211,-88.017021
148975,One Pierce Place Center,41.988093,-88.01678
148862,Meijer - Supercharger,41.700389,-88.125589
148676,Motif on Belden Apartments,41.923082,-87.699183
148457,Pace Systems,41.810319305287415,-88.19069326523132
148363,Starbucks,42.07742,-88.14037
148188,"Chicago, IL - South Franklin Street (Pay to Park, Floor 4) - Tesla Destination",41.877287,-87.635022
148187,"Chicago, IL - North Dearborn Street (Pay to Park, Floor 2) - Tesla Destination",41.8855,-87.62882
148030,400 East Randolph Condominium,41.885126,-87.616442
147937,Infosys Ltd,41.81046,-88.097937
147891,Shell,41.918025700709,-87.67237057902
147672,"C. Wimberley Ford, Inc.",41.98345,-86.124061
147448,Muller's Woodfield Acura,42.0474057796461,-88.10848436026608
147352,River Front Chrysler Dodge Jeep Ram,41.801313,-88.373024
147342,TGM NorthShore,42.140898,-87.795292
146734,Gerald Kia of North Aurora,41.801285,-88.371006
146689,Four Winds Casino South Bend,41.64072,-86.29365
146608,"11111 South Church Street, Huntley, IL",42.167552,-88.425432
146602,Onbe,42.15434423071769,-87.91321930250206
146086,101 West Apartments,42.15673,-88.1365
145742,Elgin Hyundai Service & Parts Center,42.011465,-88.213856
145571,Micro Lab,42.201894,-87.832948
145507,DeKalb Sycamore IL Cadillac,41.971584,-88.715739
145160,7Charge - Chicago,41.82512,-87.68524
145135,Cheetah Gym,41.97775795611603,-87.6685491897887
144624,Horseshoe Casino,41.693897,-87.507563
144307,Park Blvd Parking Lot,41.82674,-87.62796
144264,Kingsbury Plaza,41.890907,-87.640154
144096,Gurley Leep GM Giant,41.708923,-86.183905
143850,Lavin Family Pavilion,41.89385898511089,-87.62094227386474
143575,Ashland & Roosevelt,41.865293,-87.667669
143307,Fifth Third Bank & ATM,41.72045042364434,-87.74293851651832
143198,Signature Toyota,42.086359,-86.441708
143149,3025 Mannheim Road - Supercharger,41.999145,-87.884108
142863,Four Winds Casino New Buffalo,41.78178,-86.70728
142851,Four Winds Casino South Bend,41.64165,-86.29166
142438,Haggerty Ford,41.86327713003525,-88.20021157443392
142430,AutoNation Honda O'Hare,42.025579463263824,-87.87687267855272
142422,Lombard Village Hall,41.866029,-88.011272
141574,864 Pine Street Parking,42.107762,-87.736681
141272,Weldcoa,41.78892,-88.30545
141233,Gain Renewable Services Inc.,41.83909,-88.02471
141153,Grandohio Condo,41.892043,-87.621646
141139," Meijer - Michigan City, IN",41.67383,-86.89188
141126,Chase Bank - Hickory Palos Square Shopping Center,41.716721,-87.8184746
140937,Chase Bank,42.07482,-88.19281
140842,218 Madison Street,41.880219,-87.780862
140657,Elgin Hyundai,42.031627,-88.243439
140499,2500 West Lexington Avenue,41.686398,-86.011057
140480,Optima Verdana,42.07672843101564,-87.70939788735089
140244,Wood Dale Public Library,41.971086,-87.979554
140197,Edgewater Automation,42.117187,-86.475375
140157,Stevensville Amoco,42.034006645472,-86.51394886
140156,Fifth Third Bank,41.799327941,-86.617441862
139771,Cadillac Of Naperville,41.775546,-88.187287
139461,Zeigler Cadillac of Lincolnwood,42.014911,-87.746924
139173,World Flight Services,41.992820467980444,-87.8961504
139142,502 Zenith Drive,42.074254,-87.863283
139019,Oregon Area Chamber of Commerce Parking Lot,42.015489,-89.333273
138652,"John H. Tapper Chevrolet - Paw Paw, MI",42.21395347324374,-85.8901300932541
138513,125 West 8th Street,41.713947,-86.901276
138398,Bob Jass Chevrolet,41.889015,-88.473496
138243,Oak Lawn,41.720798,-87.741604
138173,Principal Manufacturing Corporation,41.852718,-87.855334
138063,Plant Chicago,41.8123625,-87.6659539
137888,Gjovik Chevrolet Buick GMC,41.64875,-88.584793
137642,Elgin Courthouse,42.038627,-88.284316
137425,Clarendale Six Corners,41.95282,-87.74608
137274,Dash Downers Grove Apartments,41.79231425045121,-88.0080480451492
137204,Target,41.906678,-87.978258
137065,Napleton's Schaumburg Buick GMC,42.049922,-88.082214
136932,Helen Plum Public Library,41.87978,-88.0176
136797,The Quin Schaumburg Apartments,42.0734314,-88.053757
136780,Advantage Chevrolet of Bolingbrook,41.68258,-88.069957
136748,Pauly Toyota,42.212845,-88.285758
136741,"Target - Chicago, IL",41.81326,-87.722244
136727," Bank of America ATM - Highland Park, IL",42.18758,-87.79876
136571,Whole Foods Chicago & State,41.896272,-87.628367
136490,Hoffman Estates Hotels,42.07047,-88.19637
136338,Riverside Foods,41.82885,-87.8174
135871,Vernon Area Public Library,42.1987907,-87.9366972
135856,"Christopher B. Burke Engineering, Ltd. (CBBEL)",41.9926169,-87.8650646
135689,Riverside-Brookfield High School,41.82793,-87.83113
135683," Meijer Grocery Store - Algonquin, IL",42.1693,-88.3367
135636,Meijer Store - Supercharger,41.70568,-86.187138
135420,"Gurley Leep Hyundai - Mishawaka, IN",41.708744,-86.18666
135349,Meijer Grocery - Supercharger,42.027157,-86.517613
134760,Evo Union Park,41.8849841,-87.6640729
134450,333 West Wacker Drive,41.886053,-87.6359543
134220,"Chicago, IL - West Madison Street (Pay to Park, Floor 4) - Tesla Destination",41.88167,-87.63478
134109,Rosen Hyundai of Algonquin,42.163427,-88.334318
134106,Rosen Hyundai of Algonquin,42.163028,-88.336198
133976,Niles City Hall,41.831381,-86.257214
133876,Elgin Toyota,42.01414,-88.217369
133851,Potawatomi Zoo,41.66951,-86.21828
133806,Woodman's Food Market,42.168057,-87.922466
133711,Public Parking - City of Elkhart,41.68582,-85.969239
133642,Public Parking - Gause Lot,41.686717,-85.972208
133178,Ettleson Cadillac Buick GMC,41.777259,-87.867178
133041,District 1860 Apartments,42.01231,-87.74176
132455,6856 North Kildare Avenue,42.006411,-87.73608
132440,South Park Plus Parking,41.804881,-87.686415
132215,Sunrise Chevrolet,41.9039922479501,-88.0700649635363
132214,Castle Chevrolet North,42.03002980449746,-87.98588668391645
131870,Blue Cross Blue Shield Tower,41.8846651,-87.6199166
131661,Byron City Hall,42.126463,-89.258036
131596,Lexus of Naperville,41.762594,-88.194839
131497,4830 Oakton Street Parking Lot,42.026856,-87.748635
131353,701 East 22nd Street,41.84497,-88.00069
131351,Westbrook Corporate Center,41.84612,-87.90608
130199,Lochmandy Motors,41.694017,-86.002353
130031,2 South First Street,41.891937,-88.471686
129987,Soldier Field,41.862187,-87.615146
129665,BMW Motor,42.128936,-88.130895
129655,College Park Corporate Center,42.1993276,-87.8855811
129591,"Villa Park, IL Supercharger",41.906409,-87.9782135
129522,Discount Tire - Hanover Park,42.005346,-88.143388
128782,Parc Huron,41.894538,-87.64123
128686,Terminal Parking Garage,41.787331,-87.74009
128561,Whole Foods Lakeview,41.939834,-87.66812
127727,Baker Hill,41.859696,-88.050915
127653,2680 Michigan 139,42.06973,-86.43698
127593,4411 Inn & Suites,41.74704,-86.82186
126658,Village of Oak Brook - Golf Club - Tesla Destination,41.841189,-87.930678
126641,SpringHill Suites Benton Harbor St. Joseph - Tesla Destination,42.073471,-86.428825
126618,845 Pershing Avenue,41.857058,-88.050788
126561,Village of Oak Brook - Village Hall - Tesla Destination,41.833081,-87.947854
126560,Village of Oak Brook - Bath and Tennis Club - Tesla Destination,41.83694062479778,-87.93678259175354
126190,St. Andrews Golf Club - Tesla Destination,41.922426,-88.207392
126189,Four Points by Sheraton Chicago O'Hare Airport - Tesla Destination,41.955247,-87.882606
126188,Hyatt Regency O'Hare - Tesla Destination,41.981019,-87.85953
126187,Village of Oak Brook - Soccer Club Lot - Tesla Destination,41.834286,-87.935472
126186,My Place Hotel - North Aurora - Tesla Destination,41.81609,-88.351972
126185,Eaglewood Resort & Spa - Tesla Destination,41.958133,-88.03931
126183,Delta Hotels by Marriott Chicago North Shore Suites - Tesla Destination,42.079569,-87.865442
126182,Holiday Inn Chicago-Elk Grove - Tesla Destination,42.010468,-87.960841
126181,Best Western O'Hare North/Elk Grove Hotel - Tesla Destination,42.024832,-87.960673
126180,Grant Park North - Tesla Destination,41.882267,-87.624325
125507,- Harlem Irving Plaza - Chase Bank,41.95698,-87.80683
125466,Vail Avenue Garage,42.081821186943,-87.984640648479
125357,Woodgrove Festival Shopping Mall,41.750353,-88.015727
125199,175 West Jackson,41.877872,-87.6332
125022,20 North Martingale Road Garage,42.027363,-88.033775
124959,10 North Martingale Road Garage,42.025604,-88.033745
124775,NOW Foods,41.93216,-88.06045
124721,Target,41.921731,-87.960137
124595,Pugi Hyundai,41.80826,-88.032604
124088,860 Spruce Street Parking,42.106879,-87.736675
123752,1001 North Boulevard,41.88727,-87.800797
123750,Oak Park 1 Avenue Garage 2,41.887781,-87.793746
123591,Chabad of Northbrook,42.11458,-87.857668
123553,The Forge Lemont Quarries,41.67949,-87.98665
123414,DeKalb Data Center,41.892831,-88.733452
123351,Echelon Chicago Apartments,41.888408,-87.643931
123042,DLZ Corp - Indiana,41.67285,-86.17927
122584,DKL356 West Parking Lot - South Unit,41.890886,-88.73357
122449,Wheeling Village Hall,42.138537,-87.923289
122411,Tennis Court Parking Lot,41.829634,-87.833424
122151,Tru by Hilton Naperville Chicago,41.8002467,-88.2100452
121645,McGrath City Hyundai,41.923851,-87.794507
121560,Avra West Loop,41.876455095184355,-87.65541639119677
121536,Millennium Lakeside Garage - Tesla Destination,41.882094,-87.620496
120920,Now Foods,41.984,-88.12395
120738,Al Piemonte Buick GMC,41.930301852992564,-87.95203816122947
120600,"Chicago - S Pulaski Rd, IL Supercharger",41.8133,-87.72189
120595,18082 Annettas Court,41.71814,-86.21866
120354,408 Oak Street,41.93081,-88.748842
120207,Napleton's Valley Hyundai,41.751198,-88.210324
120057,Mac Management Co. Inc.,41.89363,-87.6329
119545,Chase Bank,41.846989,-87.97129
119277,Mike Haggerty Buick GMC,41.726936,-87.736723
119153,Hampton Inn & Suites Aurora,41.791222,-88.376671
119039,Brookdale on the Park,41.7837536,-88.1928841
118453,Gaertner Residences Condominium Association,41.928589,-87.658746
117639,Union Ale House,42.108416,-87.907314
117357,Hoffman Estates Village Hall,42.064061,-88.124612
116768,Town and Country Center DCFC,42.108245,-87.97945
116383,"Elgin, IL Supercharger",42.012497,-88.335638
116258,Cubs Blue Lot,41.949021,-87.6567262
116151,Lincoln Commons Station 04,41.924266,-87.647382
116086,Happy Hyundai - Service,41.726316,-87.740112
116028,Plymouth Place Station 1,41.82038,-87.86792
115960,Western Golf Association,42.10055802460438,-87.8237451878357
115889,"Burr Ridge, IL Supercharger",41.7523,-87.9137
115726,Ettleson Hyundai,41.787366,-87.867864
115712,Schaumburg Corners,42.051434,-88.079006
115702,Metropolitan Square - Shop & Save Parking Lot,42.043248,-87.884897
115406,Colony Square,42.023508,-87.940939
115277,Glen Ellyn Public Library,41.875886,-88.07138
115212,"South Barrington, IL Supercharger",42.0748,-88.1868
115037,Kish Health,41.960516,-88.722908
115036,Kishhealth Kish Health,41.962579,-88.722703
114817,Calumet,41.816823,-87.618607
114805,Hinsdale Oasis South Bound,41.783146,-87.909
114804,Northbound Hinsdale Oasis,41.783897,-87.9068
114655,C. Wimberley Ford,41.9832590488682,-86.1244732392704
114653,E Mechanic Street Parking,41.7971056396,-86.74388396
114651,S Elm Street Parking,41.800705794223,-86.609962274655
114544,"Algonquin, IL Supercharger",42.171166,-88.336632
114390,"Oswego, IL Supercharger",41.699456,-88.3123
114389,"Rochelle, IL Supercharger",41.916936,-89.069076
114383,McCarthy Ford,41.685101,-87.720354
114043,Village Court Glencoe Village,42.133473,-87.759188
113999,The Breakers at Edgewater Beach,41.9789646,-87.6545663
113866,Northwestern Hospital Huntley,42.1780903,-88.3996337
113591,320 South Canal,41.87721,-87.64056
113589,The 450 Apartments,41.84936,-88.02478
113540,Kohl's,41.714656,-87.781243
113407,Zoe Life,41.889536,-87.654691
112176,Il Tollway Dekalb Oasis Eastbound,41.900433,-88.73834
112175,Il Tollway Dekalb Oasis Westbound,41.900604,-88.73998
111844,Chicago Ridge IL Mall,41.71331,-87.783602
111631,Arlington Heights Ford,42.138343,-87.991599
111571,145 North 3rd Street,41.930735,-88.751766
111554,Walgreens,42.182457,-87.964858
110977,Best Western Dg Station,41.832286,-88.026895
110796,Eleven33,41.8864091,-87.8046879
110724,Lot E South,42.201272,-87.944411
110537,St. Paul and the Redeemer Episcopal Church,41.8044459,-87.5914378
110415,"Elkhart - Henry Schricker Travel Plaza, IN Supercharger",41.732798,-86.004993
110414,"Elkhart - George Craig Travel Plaza, IN Supercharger",41.731702,-86.005057
110403,The Hart Professional Center,42.1623934,-88.1531207
110270,Interpark,41.885402,-87.633583
110269,Interpark,41.879251,-87.626887
110268,Interpark,41.883001,-87.634317
110212,Patrick Group Volvo Parking 1,42.039267,-88.040465
110189,The Mason,41.8849796,-87.6611185
110116,Naplenton Kia,41.924339,-87.963795
109636,Condominium Association,41.983521,-87.6555955
109583,Kish Health,41.96061,-88.723021
109561,245 North Main Street,41.663111,-86.181405
109467," Target - Chicago, IL",41.83555,-87.67318
109006,River Forest Village Hall,41.886994,-87.819817
108987,Drake Tower,41.900228,-87.622669
108920,William H. Wake Memorial,41.712565,-88.354721
108700,Patel Brothers,41.768772,-88.184975
108687,Fletcher Jones Audi,41.910429,-87.665696
107929,Solstice Apts,41.793733,-87.586153
107891,Robert Crown Community Center 2,42.034083,-87.697274
106011,170 Forest Avenue,41.889278,-87.7996
105796,540 West Madison,41.883025,-87.642101
105268,BMW Northfield,42.111071,-87.775361
105259,3rd Floor Greenway-2,41.889356,-87.630403
105118,"Oak Brook, IL Supercharger",41.854435,-87.958496
105017,Continental towers,42.050242599517276,-87.99833220734023
104955," Westfield Old Orchard - Skokie, IL",42.06173,-87.74697
104842,155 North Upper Wacker Drive,41.884913,-87.636437
104834,Mercedes-Benz of Naperville,41.768368,-88.18682
104289,255 Addison Street,41.904952,-87.940631
104238,Kunes Auto Mall Volvo Inside,41.969949,-88.719708
104180,Wayne Fueling,41.852623,-87.61196
104075,Isaac Ex Suites,41.957726,-88.722326
103962,Lake Forest City Hall Station 2,42.218113,-87.821228
103955,Woodman'S 44 West,41.95081,-88.11719
103954,Woodman'S 44 East,41.949703,-88.1164
103625,SP+ Parking,41.9004,-87.624719
103455,White Oak DP Parking Garage,42.156694,-88.050403
103400,110 North Upper Wacker Drive,41.883759,-87.637353
103067,Target,41.927962,-87.685914
103062,Target,42.19141,-87.826343
102922,Onni Atrium Station 1,41.902354,-87.635909
102740,Prudential Plaza,41.887424,-87.622007
102618,Oic Parking,41.99684134702996,-87.88189610052488
102553,Volvo Cars Lisle,41.80686356087286,-88.07595588658349
102263,Rush Parking Station,41.87393,-87.66806
102242,Winnetka Hubbard Woods,42.118567,-87.744309
102231,110 Upperwacker Station,41.882767,-87.637283
102180,426 North Main Street,41.923042,-89.06534
102064,Aspire Residences,41.85385,-87.625126
101930,500 Remington Boulevard,41.680797,-88.084733
101830," Bank of America Logan Square - Chicago, IL",41.9324,-87.71133
101277," Macerich Fashion Outlets of Chicago - Rosemont, IL",41.97545,-87.86579
100534,Sterling Bay,41.888024,-87.648346
100480,Meijer - Supercharger,42.08215,-86.42382
100249,"Rolling Prairie - Wilbur Shaw Travel Plaza, IN Supercharger",41.707691,-86.623162
100225,Millennium Park - Underground Entrance,41.88274909508677,-87.62085210531951
100223,Millennium Garages,41.882412,-87.621237
100099,Indiana Toll Road - Westbound,41.707566,-86.622924
100098,Indiana Toll Road - Eastbound,41.705206,-86.621706
99803,Walgreens,41.88005,-87.646719
99777,"Rolling Prairie - S Knute Rockne Plaza, IN Supercharger",41.705116,-86.621519
99746,210 South 1st Street,41.929165,-88.75423
99488,Civic Cntr Garg Duane,41.875126,-88.06534
99273,Ikea,42.056097,-88.036015
98994,Near Northwest Neighborhood,41.688332,-86.262132
98798,Kohl’s,41.910583,-87.64479
98700,Best Western - Hawthorne Terrace,41.94413,-87.64594
98349,Oak Lawn Commons,41.719651,-87.723332
98333,Jewel-Osco,41.78006,-88.23883
98253,Advocate Illinois Masonic Medical Center,41.936046,-87.652141
98252,Advocate Illinois Masonic Medical Center 4,41.93704,-87.652759
98251,Advocate Illinois Masonic Medical Center 2,41.93669,-87.65024
98087,Argonne National Laboratory,41.71308,-87.9606
97433,National Electrical Contractors Association,41.690643,-86.875548
96880,10116-10200 South 76th Avenue,41.706514,-87.809793
96879,Rolling Meadows Courthouse,42.087688,-88.008383
96878,Cook County Clerk,42.063726,-87.764725
96840,Woodview Apts,42.166022,-87.876825
94862,Advocate Good Shepard Hospital,42.195393,-88.171881
94522,Prospect High School,42.080333,-87.950014
93761,Oak Park City Hall,41.878754,-87.778885
93759,Advocate Good Shepherd,42.196775,-88.173699
93575,Evanston Civic Center,42.056743,-87.687372
93566,Home Of The Knights,42.079495,-87.949188
93541,District 214,42.047317,-87.973312
93369,Topgolf - Naperville,41.807635,-88.209312
93355,Jewel Osco,41.935462,-87.669719
93338,"Evanston, IL Supercharger",42.050353,-87.685491
92913,Niche 905,41.899418,-87.636886
92825," Bank of America - Lake Zurich, IL",42.19072,-88.1094
92661,Sawmill Station,42.039687,-87.798534
92392,Will County Forest Preserve,41.640037,-88.069976
92322,Amazon Fresh Naperville - Route 59,41.708797,-88.204488
92004,Village Hall Garage,42.065174,-87.93597
91979,Naperville Crossings Panera,41.713215,-88.20699
91924,Oakbrook Center Purple Garage Level 3,41.852164,-87.953359
91914,Naperville Crossings AMC,41.712776,-88.208411
91656,"Virgin Hotels, Chicago - LAZ Parking - Tesla Destination",41.88605,-87.626025
91582,483 Fairview Avenue,41.863975,-88.068404
91564,Sofitel Chicago - Tesla Destination,41.898559,-87.627407
91502,"Parking Garage - 70 West Madison, Chicago, IL - Tesla Destination",41.882336,-87.630678
91031," Bank of America - Oak Park, IL",41.86531,-87.79159
90808, Meijer Evergreen Park IL,41.72509,-87.68338
90806," Walmart 1737 (Villa Park, IL)",41.87287,-87.96243
90788,Cinemark 16 Imax Woodbridge,41.767314,-88.069599
90647,Left Bank,41.887215,-87.640641
90428," Meijer Aurora (Aurora, IL)",41.76915,-88.20774
90427," Meijer Oswego (Oswego, IL)",41.70053,-88.31163
90306,"Chicago - N Elston Ave, IL Supercharger",41.928,-87.685478
89952,"Aurora - IL-59, IL Supercharger",41.769119,-88.208105
89813,"Buffalo Grove, IL Supercharger",42.169015,-87.922738
89730,2205 Point Boulevard,42.08035,-88.331523
89722,Robert Crown Community Center 1,42.034075,-87.697548
89721,Robert Crown Community Center 3,42.034153,-87.6969
89712," Meijer Bloomingdale (Bloomingdale, IL)",41.95389,-88.12231
89573,Jewel Osco,41.704636,-88.124041
89572,Jewel Osco,41.902696,-88.338214
89571,Jewel Osco,41.986892,-88.339355
89096,Joan and Paul Rubschlagar Building,41.874817,-87.665107
89085,Ozinga,41.785183,-86.73617
88973,UIC - 1100 Wood Street,41.867904,-87.67315
88702,River Saint Joe Brewery at Flatwater Farms,41.8391632915484,-86.3419059866709
88643,Downers Park Plaza,41.75552,-88.009979
88509,Starbucks,41.808755,-87.902141
88010,O'Hare Airport - Multi-Modal Facility Economy Lot F,41.99426839015599,-87.88105290737916
87606,Buck Management,41.880655,-87.648861
87605,Buck Management,41.880735,-87.648861
86961,Woodfield Nissan,42.050116,-88.097379
86295,Milieu,41.87852,-87.649152
86195,Walton on the Park Underground Garage,41.899409,-87.62879
85709,Scatchell's,41.851536,-87.74217
85295,Advocate Christ Garage A,41.721631,-87.731365
84855,600 West Water Street,41.793776,-86.753559
84723,AMC Lake In The Hills 12,42.179863,-88.333437
84722,Walgreens,41.681033,-88.202974
84519,Waterway,42.11014,-87.802433
84438,O'Hare Airport,41.97850582311076,-87.90328000006105
83390,Journeyman Distillery - Tesla Destination,41.802839,-86.611556
83159,Oakbrook Center - Orange Garage Ground Floor,41.85090263092078,-87.9523581077957
82984, Target - Hodgkins IL,41.78152,-87.86108
82930,"Highland Park - Skokie Valley Rd, IL Supercharger",42.191936,-87.826741
82801,Walgreens,42.212272,-88.110971
82799,Walgreens,41.758241,-88.186414
82797,Walgreens,41.689284,-88.12526
82796,Walgreens,41.918021,-88.359036
82792,Cinemark Tinseltown USA - North Aurora,41.791653,-88.324257
82682,City of South Bend Venues Parks & Arts,41.6746,-86.24162
82609,"Mishawaka, IN Supercharger",41.7174,-86.1887
82582,"Michigan City, IN Supercharger",41.673833,-86.891234
82578,"Chicago - O’Hare, IL Supercharger",41.99870660096533,-87.888457775115
82573,"Northbrook, IL Supercharger",42.107745,-87.802496
82462,McDonald's - Highland Park,42.18876,-87.801595
82008,City of Countryside Municipal Complex,41.77491,-87.87812
81835,1301 South Barrington Road,42.134235,-88.134815
81539,130 Applebee,42.155329,-88.1389561
81110,Walgreens,41.748634,-88.103853
81044,AMC Classic Galewood Crossings 14,41.915516,-87.764428
81042,Cinemark Melrose Park,41.909776,-87.845872
81028,Walgreens,42.138564,-87.986826
81026,Walgreens,41.909227,-87.806047
81024,Walgreens,41.897485,-88.332011
81023,Walgreens,41.709624,-88.186748
80964,Whole Foods Market Hinsdale Lake Commons,41.772945,-87.94883
80962,Westfield Old Orchard,42.059207,-87.750711
80956,Chicago Ridge Mall,41.716515,-87.783417
80953,Walgreens,41.86692,-87.639553
80952,"Jewel Osco - Chicago, IL",41.95874,-87.682646
80951,Jewel Osco,41.946946,-87.646538
80950,Walgreens,41.853059,-87.635359
80943,Burr Ridge Village Center,41.75186,-87.913089
80764,Fast Park & Relax Chicago MDW,41.79721,-87.74639
80178,820 Elm Street,42.10574,-87.73594
79983, Target - Chicago IL,41.90421,-87.64352
79822,200 Norh River Street,41.72909,-88.34178
79490,Memorial Hospital,41.683907,-86.251356
79436,"1301 Sycamore Road, DeKalb",41.942788,-88.738967
79265,1301 Meijer Drive,42.04827,-87.994591
79177,250 South Grove Avenue Parking Garage,42.032051,-88.278123
79147,284 E North Water Street,41.889535,-87.620768
78943,300 Park Boulevard,41.99021,-88.021897
78940, Target - Chicago IL,41.87757,-87.65601
77976,1901 Butterfield Road,41.829945,-88.031852
77632,The Cooper,41.872568,-87.633825
77617,Ozinga,41.851961,-87.64313
77414,3815 Highland Avenue,41.817062,-88.008468
77404,Pool Parking Lot,42.140125,-87.96329
77195," Woodfield Village Green - Schaumburg, IL",42.0524,-88.04451
75626,Oakbrook Center Crate & Barrel,41.850431,-87.955097
75625,Oakbrook Shopping Center - Macy's,41.848346,-87.953987
75624,Oakbrook Shopping Center - The Clubhouse,41.848438,-87.951323
75254, Lincolnwood Town Center,42.00976,-87.71181
75154,Yorktown Center - AMC Dine-In,41.84005,-88.002249
75150,Yorktown Center - Von Maur,41.839207,-88.005285
75149,Yorktown Center - H&M,41.839369,-88.008937
75085,"Evergreen Park, IL Supercharger",41.725315,-87.683693
75070,Medical Campus Parking B,41.792357,-87.605923
75069,Loyola University,41.998868,-87.659012
75060,The Promenade at Bolingbrook - East Entrance,41.718311,-88.040375
75051,The Shops at North Bridge Rush Street,41.89111,-87.625614
75036,Kohl's,42.140419,-87.991762
75035,United Center - Parking Lot H,41.880715,-87.672479
75034,Blackhawk on Halsted,41.907878,-87.649333
75031,United Center - Parking Lot K,41.879903,-87.67415
75016,Northbrook Court - Stir Crazy,42.150306,-87.814139
75015,The Promenade at Bolingbrook North West,41.720928,-88.041228
75002,Government Center Self Park,41.885613,-87.630756
75001,Fox Run Square,41.750269,-88.113358
75000,Addison & Clark,41.946911,-87.654816
74996,Baker Hill,41.860425,-88.049036
74987,Northbrook Court - East Entrance,42.1512,-87.815432
74979,Jewel Osco,41.867041,-87.62625
74976,AMC Ford City 14,41.753993,-87.733809
74966,The Shops at North Bridge Grant Street,41.891844,-87.626446
74960,Water Tower Place Garage,41.898107,-87.62289
74954,Northbrook Court - California Pizza Kitchen,42.150978,-87.817464
74947,Northbrook Court - Corner Bakery,42.149615,-87.818162
74937,Village Square of Northbrook,42.150522,-87.79915
74933,The Promenade at Bolingbrook,41.71999,-88.042607
74930,Fox Valley Mall - Macy’s,41.757861,-88.214658
74765,Americaneagle.com,42.005198503386,-87.867609800982
74615,3740 N Halsted Street,41.95056,-87.649867
74574,McCormick Place,41.851167,-87.620557
74522,Jaguar Land Rover,42.048671,-88.10368
73665,Northbrook Court AMC,42.149339,-87.816136
73035,Whole Foods - North Broadway,41.991563,-87.659774
72297, Target - Glenview IL,42.10326,-87.81453
72084,Village Hall,42.197709,-88.09147
71993," University Park Mall - Mishawaka, IN",41.72124,-86.19083
71992, Target - Woodridge IL,41.7715,-88.03804
71844,One Bennett Park,41.891466,-87.616338
71606,Aon Center Parking Garage,41.884798,-87.6215123
71367,Jidd Motors,42.050349,-87.892333
71051,Harlem Irving Plaza,41.955978,-87.80807
70775,Northwestern Memorial HealthCare,41.8943533154426,-87.61693676049565
70638,Fox Valley Mall,41.759287,-88.214534
70377,Rush Oakbrook,41.849572,-87.927321
70364,8001 Cass Avenue,41.741968,-87.973128
69100,Mantra by Indian Garden - Tesla Destination,41.954697,-87.862552
69098,Fairfield Inn & Suites - Chicago - Tesla Destination,42.041363,-88.050941
69093,Oak Brook Public Library,41.833655,-87.937673
69079,Super 8 - O'Hare Elk Grove,42.007289,-87.935931
69076,Comfort Inn - O'Hare Convention Center,42.00957,-87.87056
69075,Wyndham Chicago O'Hare - Tesla Destination,42.010381,-87.887338
69071,Atlantic Aviation - MDW,41.780383952891825,-87.75285341400436
69065,Eola Community Center - Tesla Destination,41.745891,-88.24794
69064,Vaughan Athletic Center - Tesla Destination,41.782147,-88.367321
67510,Avant,41.809503,-88.061736
67167,5600 Bessie Coleman Drive,41.981142,-87.888646
66886,Four Winds Casino South Bend - East Lot,41.642423,-86.288396
66871,County City Building (CCB),41.674722,-86.253056
66870,Gurley Leep Motorwerks,41.696105,-86.18646
66869,Gymnastics Michiana,41.692005,-86.148854
66652,McDonald's 6676,41.892786,-87.631728
66281,123 Hahn Street Parking,41.904521,-87.940415
66258,Elgin Community College,42.020479,-88.321994
65802,Illinois Tollway Maintenance Building,41.664845,-87.740273
65674,Harper College,42.07948,-88.074352
65388,Aamco Transmissions,41.799419,-88.09316
65379,Woodman's Food Market,42.16815,-87.922672
65369,Juvenile Courts,42.221668,-87.937533
64479,"Midwest Energy - Cassopolis, MI",41.919026,-85.973209
64468,Triton Building M,41.914531,-87.842204
64440,Notre Dame - Innovation Park,41.693242,-86.228622
64393,Esplanade,41.830267,-88.032935
64369,Berman Nissan - Chicago,41.943587,-87.708212
64057,Randy’s Cycle,42.203259,-88.553948
63766,Whole Foods Market,42.010581,-87.824809
63656,EnV Chicago,41.8889472,-87.6336346
63596,Four Winds Casino,41.780992,-86.708547
63310,Hotel Indigo Naperville Riverwalk,41.770698,-88.150252
63309,Embassy Suites,41.803822,-88.129871
63306,Homewood Suites - Chicago-Schaumburg,42.047387,-88.058894
63304,R Place,41.858592,-87.804417
63302,Hilton - Orrington - Tesla,42.049151,-87.680426
62436,Chicago Premium Outlets,41.8014,-88.2764
62051,135 N Addison Avenue,41.901407,-87.940986
61875,Village Crossing Shopping Center,42.010915,-87.763768
61856,Abt Electronics - Supercharger,42.077184,-87.860869
61400,Whole Foods Market  - Kildeer,42.159163,-88.044557
61384,New City Development,41.908476,-87.647665
61239,Government Center,41.851905,-88.308909
60872,Stone Terrace,42.045699,-87.674312
60871,Clarion Inn Elmhurst - Oakbrook,41.869944,-87.95672
60868,Hilton Garden Inn - Addison,41.936447,-88.039074
60570,"Skokie, IL Supercharger",42.009045,-87.763386
60371,"Segal Visitors Center, Evanston Campus",42.050577,-87.673523
60364,Evanston Campus,42.059424,-87.674182
60153,"Chicago - North Broadway, IL Supercharger",41.937338,-87.644666
59188,STERLING BAY - Parking Garage,41.887414,-87.660476
59073,Avenue Garage,41.889449,-87.804203
59035,Peck Farm Park,41.869504,-88.362638
58642,1035 Van Buren - Garage - ParkChirp,41.8767996,-87.6532026
58138,Parking Garage,41.883868,-87.642736
58059,Moment,41.892047,-87.617241
58013,Optima,41.891107,-87.62139
57605,1450 American - Tower 2,42.045316,-88.044042
57339,Willowbrook Town Center,41.759225,-87.943585
57250,Oakton College - Science Building Lot,42.063975,-87.878192
57145,Esb Law Firm,42.186114,-87.796535
57013,Kane County,41.784525,-88.329587
56884,Harvard state bank,42.014806,-89.334867
56856,The Bernadin,41.896407,-87.626875
56576,1350 Touhy Plaza,42.0104297,-87.890169
56399,"Bolingbrook, IL Supercharger",41.722189,-88.037278
56398,"Rolling Meadows, IL Supercharger",42.049702,-87.994915
56004,Wildwood Tavern,42.012218,-87.787665
55159,Avenue Garage,41.889317,-87.799924
54023,1 South Wacker Drive,41.881597,-87.636514
53929,Sonesta Ohare Hi Rosemont,41.996814,-87.881889
53867,Grand Victoria Casino,42.031641,-88.279539
53483,Edens,42.139011,-87.797141
52954,"North Aurora, IL Supercharger",41.802949,-88.370249
52815,Hardware Gastro Pub,41.80966350517316,-88.37195778607528
52745,NIU parking garage,41.932405,-88.766603
52740,13 North Jefferson Street,41.882368,-87.642179
52710,Sheridan-Sherwin Parking Garage,42.014848,-87.664015
52566,"Clifton Parking Deck - LPC - Chicago, IL",41.9245874,-87.657365
52322,401 North Michigan Garage,41.889778,-87.623525
52320,Holiday Inn Express & Suites - Aurora IL,41.759387,-88.310221
52272,Adventist Bolingbrook Hospital,41.682163,-88.084096
51892,Oakbrook Shopping Center,41.851774,-87.950973
51489,Prudentialplaza,41.88536,-87.623191
51433,The Maxwell Shops,41.86891,-87.640039
51358,Inn at Saint Mary's,41.709039,-86.251609
50460,Grant Park - South,41.877597,-87.623982
50448,Loews Chicago Hotel,41.890168,-87.61957
50420,O'Hare Auto Body LTD,41.960695,-87.961703
50392,Advantage Kitchen and Bath Gallery - Tesla,42.024061,-87.812999
49768,Jidd Motors Domestic & Asian Imports,42.056564,-87.903563
49709,1K Fulton Parking,41.886859,-87.6525
49568,540 W. Madison,41.882219,-87.641601
49480,Public Parking/Residential Building,41.899474,-87.619448
48460,Oakbrook Tower,41.858276,-87.953895
48249,Boeing Corporate Offices,41.883313,-87.638812
47716,LaSalle Grill,41.677874,-86.251347
46983,North Central College - Residence Hall and Recreation Center,41.770158,-88.144216
46897,North Central College - Old Main,41.775903500242535,-88.1428919037881
46864,Joyce Center Parking Lot C1,41.69589954683457,-86.23199344502524
46183,AC Hotel - Chicago Downtown,41.893499,-87.625498
46174,The Herrington Inn and Spa,41.886845,-88.303804
46173,Loews,41.97427,-87.863541
46169,The Guesthouse Hotel,41.970814,-87.667752
46165,Park Hyatt - Chicago,41.896792,-87.625142
46083,Advocate Christ Garage A,41.721922,-87.732853
45615,City of Niles - Second Street Public Parking,41.83037,-86.257139
45613,City of Niles - District Library,41.829209,-86.25175
45609,City of Niles - Riverfront Park,41.830596,-86.259229
45375,Woodfield Mall,42.046533,-88.03877
45104,Algonquin Township Road District,42.223611509022,-88.268998861313
44443,Chicago Northwest KOA,42.206543,-88.548051
44134,Rolling Meadows High School,42.065841,-88.016289
44118,Elk Grove High School,42.012284,-87.99755
44114,Wheeling High School,42.126875,-87.937432
44101,John Hersey High School,42.10306,-87.95928
43691,Zeigler Ford Lincoln,41.685703,-86.008698
42697,4250 South Financial Place,41.876306,-87.632975
42218,Two Brothers Roundhouse,41.760295,-88.308792
42148,"St. Joseph, MI Supercharger",42.056357,-86.456352
42096,OneEleven - Chicago,41.8865153,-87.6314343
41861,Skokie Village Hall Parking Lot (South End),42.025584,-87.756605
41847,Kane County Government Center,41.879214,-88.308461
41842,Inter Park,41.878972,-87.634503
41717,71 South Wacker Drive Parking,41.880947,-87.636038
41684,240 East Ontario Street Parking B,41.893564,-87.620899
41672,One Museum Park Condominiums,41.866571,-87.621756
41606,Sherman Plaza,42.047287,-87.683069
41271,Parking Stations,41.868618,-87.624626
41067,Elgin Public Parking Garage,42.040224,-88.28506
40736,Forest Preserve District of Kane County,41.872216,-88.279761
40635,Parking A Main Garage,41.78872,-87.60502
40614,Wheeling,42.136441,-87.930212
40352,BMW Northfield,42.111489,-87.776132
40335,650 Elm Place,42.1868767,-87.8034459
40327,Village Station Searle Parkway,42.029866,-87.747938
40280,Currito Naperville - Supercharger,41.714714,-88.206378
40142,225 West Wacker Drive,41.886307,-87.635075
40095,BMW Motor Werks,42.129232,-88.133575
40092,Interpark,41.892757,-87.626038
39998,Kane County Kane Courthouse,41.886523,-88.309239
39960,Interpark,41.89315,-87.62299
39921,Buffalo Grove High School,42.140826,-87.982696
39901,Soldier Field,41.86113811553086,-87.61646605026245
39883,First Street 1st St Garage,41.912445,-88.314345
39859,JNS,41.893823,-87.61955
39808,University of Illinois - 915 South Paulina Street,41.8697336,-87.6683529
39782,360 West Hubbard,41.890406,-87.638459
39607,Navy Pier,41.891527,-87.608748
39487,Lee Street Parking Lot,42.041197,-87.887838
39467,Northwestern Memorial Hospital Parking Structure,41.895343,-87.62198
39436,Interpark,41.883503,-87.635067
39389,30 West Monroe Street Garage - ParkChirp,41.88127251918902,-87.62924820206537
39365,Advocate,42.071215,-88.331027
39287,Evanston Parking Lot 32,42.032782,-87.677148
39272,Du Page County Admin,41.867008,-88.141331
39065,Chicago Botanic Garden,42.1497074,-87.788679
39063,640 N LaSalle Parking Garage - Tesla,41.893625,-87.633424
38898,Cityhpil Port Clinton,42.184825,-87.799718
38880,Whole Foods Sauganash,41.99146,-87.749262
38875,Cityfront Place Parking Garage,41.8891899,-87.6181012
38755,1000 South Clark,41.86953,-87.63128
38723,Parking Garage P3,41.880395,-87.636583
38699,Triton Station 1,41.914296,-87.839696
38669,Harper College,42.082653,-88.073981
38645,1810 Maple Avenue Garage,42.050171,-87.685127
38608,Tower Self Park,41.879012,-87.634417
38471,"Chicago - North Columbus Drive, IL Supercharger",41.886458,-87.620262
38318,Greenway Garage,41.889236,-87.630247
38251,Abt Electronics Abt #1,42.078903,-87.863167
38069,Interpark,41.885269,-87.629114
38039,Advocate Good Sam Garage,41.818777,-88.006497
38018,Hammond Port Beach Parking,41.696733,-87.511353
38006,Interpark,41.885939,-87.631224
37984,Oak Park 1 Avenue Garage 4,41.887398,-87.793774
37983,Millennium Parking Garage LLC - Tesla Destination,41.88172,-87.62056
37894,1000 Lake Shore,41.90085,-87.62452
37883,Hooters Countryside,41.781666,-87.867545
37833,Public Parking Lot 4,42.064489,-87.703084
37789,Parking A Drexel Garage,41.784474,-87.604518
37760,Walgreens,41.9934665,-87.690114
37750,900 Self Park Plug And Shop,41.89976,-87.626372
37729,Interpark,41.877528,-87.634217
37724,Kohls,41.836398,-88.026395
37720,Walgreens,42.153671,-87.961713
37684,"Bridge Communities Inc, Crescent Lot",41.876135,-88.067779
37660,Fountain View Recreation Center,41.928005,-88.121847
37620,Berwyn Public Parking Garage,41.8315278,-87.7943384
37588,Cityfront Plaza Garage,41.891113,-87.620957
37548,University Park Mall,41.720697,-86.190642
37547,Lighthouse Place Premium Outlets,41.715661,-86.905555
37448,Trump International Hotel & Tower Chicago,41.888835,-87.626658
37346,IKEA - Bolingbrook,41.727574,-88.03718
37154,Addison Public Library,41.932648,-87.993316
36860,Kohls,41.644531,-88.00313
36767,The RDI Group,41.983917,-88.028338
36314,Moraine Valley Community College,41.693022,-87.839537
36154,Lake Shore Drive Garage,41.8915069,-87.6150303
35464,Fashion Outlets of Chicago,41.974953,-87.867085
35193,Village of Oak Park Village Hall - I-GO,41.87998,-87.7775
35192,Jewel-Osco - I-GO,41.88007,-87.7862
35191,Jewel-Osco,41.978844,-87.659321
35190,Jewel Osco,41.982498,-87.669138
35189,Jewel-Osco - I-GO,41.73614,-87.626
34833,Walgreens - West Fullerton Avenue,41.925583,-87.666672
34640,Walgreens,41.880205,-87.647049
34638,Walgreens,41.989775,-87.705652
34637,Walgreens,41.909793,-87.745208
34572,Walgreens,41.879663,-87.794909
34408,Willow Festival - Whole Foods Market,42.10703,-87.80078
34405,University of Illinois - Maxwell Street Garage,41.864511,-87.645224
34391,Jewel-Osco Grocery (New Albertson's Inc.),41.943222,-87.689259
34389,Whole Foods Market - Halsted,41.948448,-87.649988
34383,Walgreens,42.110582,-88.034787
34375,Whole Foods - Kingsbury,41.908771,-87.653054
22014,Al Piemonte Nissan,41.90699,-87.85403
21129,Kelly Nissan,41.720728,-87.728594
20731,Western Avenue Nissan,41.758552,-87.683346
20654,Golf Mill Ford,42.051495,-87.833913
19513,Nissan of St Charles,41.920486,-88.284011
10553,Gurley Leep Nissan,41.707652,-86.186717
3924,Star Nissan,42.01155,-87.771151
3923,Gerald Nissan,41.76702,-88.18772
3883,Martin Nissan,42.05569,-87.75808
3791,Gerald Nissan of North Aurora IL,41.79828,-88.37145
3787,Glendale Nissan,41.904021,-88.068043
3783,McGrath Nissan,42.033769,-88.255193
3782,Bill Kay's Nissan - Downers Grove,41.807887,-88.024848
3778,Continental Nissan,41.78586,-87.8685
2361,Great Escape Restaurant,41.955233,-87.865268
